<?xml version="1.0" encoding="UTF-8"?>
<hip-report>
	<md5-sum>c93570895cc111fc62777be2124e62a5</md5-sum>
	<user-name>B173590</user-name>
	<domain>rails</domain>
	<host-name>XL297303</host-name>
	<host-id>26a2ef8c-c4d4-413d-97cc-4566f5821067</host-id>
	<ip-address>10.11.122.61</ip-address>
	<ipv6-address></ipv6-address>
	<generate-time>08/24/2022 10:42:45</generate-time>
	<hip-report-version>4</hip-report-version>
	<categories>
		<entry name="host-info">
			<client-version>5.2.10-6</client-version>
			<os>Microsoft Windows 10 Pro , 64-bit</os>
			<os-vendor>Microsoft</os-vendor>
			<domain>rails.rwy.bnsf.com</domain>
			<host-name>XL297303</host-name>
			<host-id>26a2ef8c-c4d4-413d-97cc-4566f5821067</host-id>
			<network-interface>
				<entry name="{20E2617B-0E93-435E-8B35-9D1A898D8006}">
					<description>PANGP Virtual Ethernet Adapter</description>
					<mac-address>02-50-41-00-00-01</mac-address>
					<ip-address>
						<entry name="10.11.122.61"/>
					</ip-address>
				</entry>
				<entry name="{BE64AF9A-3A7B-4E56-B742-5B58C53B9AC3}">
					<description>Intel(R) I210 Gigabit Network Connection</description>
					<mac-address>00-50-B6-A6-E2-3A</mac-address>
					<ip-address>
						<entry name="170.49.168.22"/>
					</ip-address>
					<ipv6-address>
						<entry name="fe80::919:2046:f386:ce67"/>
					</ipv6-address>
				</entry>
				<entry name="{3ED9B14C-B7F3-43DF-8F19-11CBE4F40702}">
					<description>Microsoft Wi-Fi Direct Virtual Adapter</description>
					<mac-address>18-1D-EA-AD-4A-8B</mac-address>
					<ip-address>
						<entry name="169.254.36.210"/>
					</ip-address>
					<ipv6-address>
						<entry name="fe80::9543:f78a:2060:24d2"/>
					</ipv6-address>
				</entry>
				<entry name="{DA1EEF50-7A69-4160-B0BE-98CBA107AA74}">
					<description>Microsoft Wi-Fi Direct Virtual Adapter #2</description>
					<mac-address>1A-1D-EA-AD-4A-8A</mac-address>
					<ip-address>
						<entry name="169.254.44.170"/>
					</ip-address>
					<ipv6-address>
						<entry name="fe80::21c5:17b4:87cf:2caa"/>
					</ipv6-address>
				</entry>
				<entry name="{121E95E2-0ACA-4E02-B0A1-B6A6C59E755C}">
					<description>Bluetooth Device (Personal Area Network)</description>
					<mac-address>18-1D-EA-AD-4A-8E</mac-address>
					<ip-address>
						<entry name="169.254.232.113"/>
					</ip-address>
					<ipv6-address>
						<entry name="fe80::a583:7eb2:ff04:e871"/>
					</ipv6-address>
				</entry>
				<entry name="{CC6ABDD7-0A6B-4624-96B7-1EC014019D9B}">
					<description>Intel(R) Dual Band Wireless-AC 8265</description>
					<mac-address>18-1D-EA-AD-4A-8A</mac-address>
					<ip-address>
						<entry name="10.17.2.139"/>
					</ip-address>
					<ipv6-address>
						<entry name="fe80::1d12:acc0:9484:f2cb"/>
					</ipv6-address>
				</entry>
				<entry name="{CCA7D0C7-FA6E-11E7-910D-806E6F6E6963}">
					<description>Software Loopback Interface 1</description>
					<mac-address></mac-address>
					<ip-address>
						<entry name="127.0.0.1"/>
					</ip-address>
					<ipv6-address>
						<entry name="::1"/>
					</ipv6-address>
				</entry>
			</network-interface>
		</entry>
		<entry name="anti-malware">
			<list>
				<entry>
					<ProductInfo>
						<Prod vendor="FireEye, Inc." name="FireEye Endpoint Agent" version="34.28.6" defver="" engver="" datemon="1" dateday="1" dateyear="1970" prodType="3" osType="1"/>
						<real-time-protection>no</real-time-protection>
						<last-full-scan-time>n/a</last-full-scan-time>
					</ProductInfo>
				</entry>
				<entry>
					<ProductInfo>
						<Prod vendor="Symantec Corporation" name="Symantec Endpoint Protection" version="14.3.7393.4000" defver="8/24/2022 rev.3" engver="16.3.4.13" datemon="8" dateday="24" dateyear="2022" prodType="3" osType="1"/>
						<real-time-protection>yes</real-time-protection>
						<last-full-scan-time>08/11/2022 20:53:41</last-full-scan-time>
					</ProductInfo>
				</entry>
				<entry>
					<ProductInfo>
						<Prod vendor="Microsoft Corporation" name="Windows Defender" version="4.18.1909.6" defver="1.285.503.0" engver="1.1.15600.4" datemon="1" dateday="30" dateyear="2019" prodType="3" osType="1"/>
						<real-time-protection>n/a</real-time-protection>
						<last-full-scan-time>n/a</last-full-scan-time>
					</ProductInfo>
				</entry>
			</list>
		</entry>
		<entry name="disk-backup">
			<list>
				<entry>
					<ProductInfo>
						<Prod vendor="Microsoft Corporation" name="Windows Backup and Restore" version="10.0.19041.1"/>
						<last-backup-time>n/a</last-backup-time>
					</ProductInfo>
				</entry>
				<entry>
					<ProductInfo>
						<Prod vendor="Microsoft Corporation" name="Windows File History" version="10.0.19041.1"/>
						<last-backup-time>n/a</last-backup-time>
					</ProductInfo>
				</entry>
			</list>
		</entry>
		<entry name="disk-encryption">
			<list>
				<entry>
					<ProductInfo>
						<Prod vendor="Microsoft Corporation" name="BitLocker Drive Encryption" version="10.0.19041.1"/>
						<drives>
							<entry>
								<drive-name>C:\</drive-name>
								<enc-state>encrypted</enc-state>
							</entry>
							<entry>
								<drive-name>D:\</drive-name>
								<enc-state>encrypted</enc-state>
							</entry>
							<entry>
								<drive-name>All</drive-name>
								<enc-state>encrypted</enc-state>
							</entry>
						</drives>
					</ProductInfo>
				</entry>
			</list>
		</entry>
		<entry name="firewall">
			<list>
				<entry>
					<ProductInfo>
						<Prod vendor="Microsoft Corporation" name="Windows Firewall" version="10.0.19041.1682"/>
						<is-enabled>yes</is-enabled>
					</ProductInfo>
				</entry>
				<entry>
					<ProductInfo>
						<Prod vendor="Symantec Corporation" name="Symantec Endpoint Protection" version="14.3.7393.4000"/>
						<is-enabled>yes</is-enabled>
					</ProductInfo>
				</entry>
			</list>
		</entry>
		<entry name="patch-management">
			<list>
				<entry>
					<ProductInfo>
						<Prod vendor="Microsoft Corporation" name="Windows Update Agent" version="10.0.19041.1806"/>
						<is-enabled>yes</is-enabled>
					</ProductInfo>
				</entry>
				<entry>
					<ProductInfo>
						<Prod vendor="Microsoft Corporation" name="System Center Configuration Manager Client" version="5.00.9068.1026"/>
						<is-enabled>yes</is-enabled>
					</ProductInfo>
				</entry>
				<entry>
					<ProductInfo>
						<Prod vendor="Tanium Inc." name="Tanium Client" version="7.4.8.1042"/>
						<is-enabled>n/a</is-enabled>
					</ProductInfo>
				</entry>
			</list>
			<missing-patches>
				<entry>
					<title>Intel Rapid Storage Technology Driver v. 17.8.6.1070 TCH0621900C</title>
					<description>Supports: Windows 10: Tecra A50-EC, Tecra X40-E</description>
					<product>Microsoft Windows</product>
					<vendor>Microsoft</vendor>
					<info-url></info-url>
					<kb-article-id></kb-article-id>
					<security-bulletin-id></security-bulletin-id>
					<severity>-1</severity>
					<category>unknown</category>
					<is-installed>no</is-installed>
				</entry>
				<entry>
					<title>Intel Display Driver v. 27.20.100.8854 TCH0839400A</title>
					<description>Supports: Windows 10: Tecra X40-E</description>
					<product>Microsoft Windows</product>
					<vendor>Microsoft</vendor>
					<info-url></info-url>
					<kb-article-id></kb-article-id>
					<security-bulletin-id></security-bulletin-id>
					<severity>-1</severity>
					<category>unknown</category>
					<is-installed>no</is-installed>
				</entry>
				<entry>
					<title>Intel Chipset SW Installation Utility v. 10.1.18460.8229 TCH0535700A</title>
					<description>Supports: Win10: Portege X30L-J, Portege X30W-J, Portege X40-J, Tecra A50-EC, Tecra X40-E, Tecra X40-F, Tecra A30-G, Tecra A40-G</description>
					<product>Microsoft Windows</product>
					<vendor>Microsoft</vendor>
					<info-url></info-url>
					<kb-article-id></kb-article-id>
					<security-bulletin-id></security-bulletin-id>
					<severity>-1</severity>
					<category>unknown</category>
					<is-installed>no</is-installed>
				</entry>
				<entry>
					<title>dynabook System Driver v. 6.00.0010.02 TCH0787800B</title>
					<description>Supports: Win10: Tecra A50-EC, Tecra X40-E, Tecra X40-F, Tecra A30-G, Tecra A40-G</description>
					<product>Microsoft Windows</product>
					<vendor>Microsoft</vendor>
					<info-url></info-url>
					<kb-article-id></kb-article-id>
					<security-bulletin-id></security-bulletin-id>
					<severity>-1</severity>
					<category>unknown</category>
					<is-installed>no</is-installed>
				</entry>
				<entry>
					<title>Intel AMT Software v. 2035.15.0.1821 TCH0812800B</title>
					<description>Supports: Windows 10: Portege X20W-D, Portege Z30-C, Portege Z30t-C, Tecra X40-E, Tecra Z40-C, Tecra Z40t-C</description>
					<product>Microsoft Windows</product>
					<vendor>Microsoft</vendor>
					<info-url></info-url>
					<kb-article-id></kb-article-id>
					<security-bulletin-id></security-bulletin-id>
					<severity>-1</severity>
					<category>unknown</category>
					<is-installed>no</is-installed>
				</entry>
				<entry>
					<title>Intel Bluetooth Filter Driver v. 22.0.0.2 TCH0834300A</title>
					<description>Supports: Windows 10: Portege X20W-D, Portege X20W-E, Portege Z30-C, Portege Z30t-C, Tecra X40-E,  Tecra Z40-C, Tecra Z40t-C, Tecra X40-D</description>
					<product>Microsoft Windows</product>
					<vendor>Microsoft</vendor>
					<info-url></info-url>
					<kb-article-id>INTEL-SA-00403</kb-article-id>
					<security-bulletin-id>DID-4017155</security-bulletin-id>
					<severity>-2</severity>
					<category>unknown</category>
					<is-installed>no</is-installed>
				</entry>
				<entry>
					<title>Realtek Card Reader v. 10.0.300.273 TCH0830000A</title>
					<description>Supports: Win10: Tecra A50-EC, Tecra X40-E, Tecra X40-F, Tecra A30-G, Tecra A40-G</description>
					<product>Microsoft Windows</product>
					<vendor>Microsoft</vendor>
					<info-url></info-url>
					<kb-article-id></kb-article-id>
					<security-bulletin-id></security-bulletin-id>
					<severity>-1</severity>
					<category>unknown</category>
					<is-installed>no</is-installed>
				</entry>
				<entry>
					<title>Intel Thunderbolt Software v. 17.4.78.500 TCH0585400B</title>
					<description>Supports: Win10: Accessories, Portege X20W-D, Portege X20W-E, Tecra X40-E, Tecra X40-D</description>
					<product>Microsoft Windows</product>
					<vendor>Microsoft</vendor>
					<info-url></info-url>
					<kb-article-id></kb-article-id>
					<security-bulletin-id></security-bulletin-id>
					<severity>-1</severity>
					<category>unknown</category>
					<is-installed>no</is-installed>
				</entry>
				<entry>
					<title>Synaptics WBF FP Reader v. 5.5.801.1051 TCH0826700A</title>
					<description>Supports: Win10: Tecra A50-EC, Tecra X40-E, Tecra A30-G, Tecra A40-G;</description>
					<product>Microsoft Windows</product>
					<vendor>Microsoft</vendor>
					<info-url></info-url>
					<kb-article-id></kb-article-id>
					<security-bulletin-id></security-bulletin-id>
					<severity>-1</severity>
					<category>unknown</category>
					<is-installed>no</is-installed>
				</entry>
				<entry>
					<title>Realtek LAN Driver v. 10.34.0603.2019 TCH0676000A</title>
					<description>Supports: Win10: Accessories, Portege X20W-D, Portege X20W-E, Tecra A50-EC, Tecra X40-E;</description>
					<product>Microsoft Windows</product>
					<vendor>Microsoft</vendor>
					<info-url></info-url>
					<kb-article-id></kb-article-id>
					<security-bulletin-id></security-bulletin-id>
					<severity>-1</severity>
					<category>unknown</category>
					<is-installed>no</is-installed>
				</entry>
			</missing-patches>
		</entry>
		<entry name="data-loss-prevention">
			<list>
			</list>
		</entry>
	</categories>
</hip-report>